{
    "#ff0000": "1",
    "#ff0100": "2",
    "#ff0200": "3",
    "#ff0300": "4",
    "#ff0400": "5",
    "#ff0500": "6",
    "#ff0600": "7",
    "#ff0700": "8",
    "#ff0800": "9",
    "#ff0900": "10",
    "#ff0a00": "11",
    "#ff0b00": "12",
    "#ff0c00": "13",
    "#ff0d00": "14",
    "#ff0e00": "15",
    "#ff0f00": "16",
    "#ff1000": "17",
    "#ff1100": "18",
    "#ff1200": "19",
    "#ff1300": "20",
    "#ff1400": "21",
    "#ff1500": "22",
    "#ff1600": "23",
    "#ff1700": "24",
    "#ff1800": "25",
    "#ff1900": "26",
    "#ff1a00": "27",
    "#ff1b00": "28",
    "#ff1c00": "29",
    "#ff1d00": "30",
    "#ff1e00": "31",
    "#ff1f00": "32",
    "#ff2000": "33",
    "#ff2100": "34",
    "#ff2200": "35",
    "#ff2300": "36",
    "#ff2400": "37",
    "#ff2500": "38",
    "#ff2600": "39",
    "#ff2700": "40",
    "#ff2800": "41",
    "#ff2900": "42",
    "#ff2a00": "43",
    "#ff2b00": "44",
    "#ff2c00": "45",
    "#ff2d00": "46",
    "#ff2e00": "47",
    "#ff2f00": "48",
    "#ff3000": "49",
    "#ff3100": "50",
    "#ff3200": "51",
    "#ff3300": "52",
    "#ff3400": "53",
    "#ff3500": "54",
    "#ff3600": "55",
    "#ff3700": "56",
    "#ff3800": "57",
    "#ff3900": "58",
    "#ff3a00": "59",
    "#ff3b00": "60",
    "#ff3c00": "61",
    "#ff3d00": "62",
    "#ff3e00": "63",
    "#ff3f00": "64",
    "#ff4000": "65",
    "#ff4100": "66",
    "#ff4200": "67",
    "#ff4300": "68",
    "#ff4400": "69",
    "#ff4500": "70",
    "#ff4600": "71",
    "#ff4700": "72",
    "#ff4800": "73",
    "#ff4900": "74",
    "#ff4a00": "75",
    "#ff4b00": "76",
    "#ff4c00": "77",
    "#ff4d00": "78",
    "#ff4e00": "79",
    "#ff4f00": "80",
    "#ff5000": "81",
    "#ff5100": "82",
    "#ff5200": "83",
    "#ff5300": "84",
    "#ff5400": "85",
    "#ff5500": "86",
    "#ff5600": "87",
    "#ff5700": "88",
    "#ff5800": "89",
    "#ff5900": "90",
    "#ff5a00": "91",
    "#ff5b00": "92",
    "#ff5c00": "93",
    "#ff5d00": "94",
    "#ff5e00": "95",
    "#ff5f00": "96",
    "#ff6000": "97",
    "#ff6100": "98",
    "#ff6200": "99",
    "#ff6300": "100",
    "#ff6400": "101",
    "#ff6500": "102",
    "#ff6600": "103",
    "#ff6700": "104",
    "#ff6800": "105",
    "#ff6900": "106",
    "#ff6a00": "107",
    "#ff6b00": "108",
    "#ff6c00": "109",
    "#ff6d00": "110",
    "#ff6e00": "111",
    "#ff6f00": "112",
    "#ff7000": "113",
    "#ff7100": "114",
    "#ff7200": "115",
    "#ff7300": "116",
    "#ff7400": "117",
    "#ff7500": "118",
    "#ff7600": "119",
    "#ff7700": "120",
    "#ff7800": "121",
    "#ff7900": "122",
    "#ff7a00": "123",
    "#ff7b00": "124",
    "#ff7c00": "125",
    "#ff7d00": "126",
    "#ff7e00": "127",
    "#ff7f00": "128",
    "#ff8000": "129",
    "#ff8100": "130",
    "#ff8200": "131",
    "#ff8300": "132",
    "#ff8400": "133",
    "#ff8500": "134",
    "#ff8600": "135",
    "#ff8700": "136",
    "#ff8800": "137",
    "#ff8900": "138",
    "#ff8a00": "139",
    "#ff8b00": "140",
    "#ff8c00": "141",
    "#ff8d00": "142",
    "#ff8e00": "143",
    "#ff8f00": "144",
    "#ff9000": "145",
    "#ff9100": "146",
    "#ff9200": "147",
    "#ff9300": "148",
    "#ff9400": "149",
    "#ff9500": "150",
    "#ff9600": "151",
    "#ff9700": "152",
    "#ff9800": "153",
    "#ff9900": "154",
    "#ff9a00": "155",
    "#ff9b00": "156",
    "#ff9c00": "157",
    "#ff9d00": "158",
    "#ff9e00": "159",
    "#ff9f00": "160",
    "#ffa000": "161",
    "#ffa100": "162",
    "#ffa200": "163",
    "#ffa300": "164",
    "#ffa400": "165",
    "#ffa500": "166",
    "#ffa600": "167",
    "#ffa700": "168",
    "#ffa800": "169",
    "#ffa900": "170",
    "#ffaa00": "171",
    "#ffab00": "172",
    "#ffac00": "173",
    "#ffad00": "174",
    "#ffae00": "175",
    "#ffaf00": "176",
    "#ffb000": "177",
    "#ffb100": "178",
    "#ffb200": "179",
    "#ffb300": "180",
    "#ffb400": "181",
    "#ffb500": "182",
    "#ffb600": "183",
    "#ffb700": "184",
    "#ffb800": "185",
    "#ffb900": "186",
    "#ffba00": "187",
    "#ffbb00": "188",
    "#ffbc00": "189",
    "#ffbd00": "190",
    "#ffbe00": "191",
    "#ffbf00": "192",
    "#ffc000": "193",
    "#ffc100": "194",
    "#ffc200": "195",
    "#ffc300": "196",
    "#ffc400": "197",
    "#ffc500": "198",
    "#ffc600": "199",
    "#ffc700": "200",
    "#ffc800": "201",
    "#ffc900": "202",
    "#ffca00": "203",
    "#ffcb00": "204",
    "#ffcc00": "205",
    "#ffcd00": "206",
    "#ffce00": "207",
    "#ffcf00": "208",
    "#ffd000": "209",
    "#ffd100": "210",
    "#ffd200": "211",
    "#ffd300": "212",
    "#ffd400": "213",
    "#ffd500": "214",
    "#ffd600": "215",
    "#ffd700": "216",
    "#ffd800": "217",
    "#ffd900": "218",
    "#ffda00": "219",
    "#ffdb00": "220",
    "#ffdc00": "221",
    "#ffdd00": "222",
    "#ffde00": "223",
    "#ffdf00": "224",
    "#ffe000": "225",
    "#ffe100": "226",
    "#ffe200": "227",
    "#ffe300": "228",
    "#ffe400": "229",
    "#ffe500": "230",
    "#ffe600": "231",
    "#ffe700": "232",
    "#ffe800": "233",
    "#ffe900": "234",
    "#ffea00": "235",
    "#ffeb00": "236",
    "#ffec00": "237",
    "#ffed00": "238",
    "#ffee00": "239",
    "#ffef00": "240",
    "#fff000": "241",
    "#fff100": "242",
    "#fff200": "243",
    "#fff300": "244",
    "#fff400": "245",
    "#fff500": "246",
    "#fff600": "247",
    "#fff700": "248",
    "#fff800": "249",
    "#fff900": "250",
    "#fffa00": "251",
    "#fffb00": "252",
    "#fffc00": "253",
    "#fffd00": "254",
    "#fffe00": "255",
    "#ffff00": "256",
    "#feff00": "257",
    "#fdff00": "258",
    "#fcff00": "259",
    "#fbff00": "260",
    "#faff00": "261",
    "#f9ff00": "262",
    "#f8ff00": "263",
    "#f7ff00": "264",
    "#f6ff00": "265",
    "#f5ff00": "266",
    "#f4ff00": "267",
    "#f3ff00": "268",
    "#f2ff00": "269",
    "#f1ff00": "270",
    "#f0ff00": "271",
    "#efff00": "272",
    "#eeff00": "273",
    "#edff00": "274",
    "#ecff00": "275",
    "#ebff00": "276",
    "#eaff00": "277",
    "#e9ff00": "278",
    "#e8ff00": "279",
    "#e7ff00": "280",
    "#e6ff00": "281",
    "#e5ff00": "282",
    "#e4ff00": "283",
    "#e3ff00": "284",
    "#e2ff00": "285",
    "#e1ff00": "286",
    "#e0ff00": "287",
    "#dfff00": "288",
    "#deff00": "289",
    "#ddff00": "290",
    "#dcff00": "291",
    "#dbff00": "292",
    "#daff00": "293",
    "#d9ff00": "294",
    "#d8ff00": "295",
    "#d7ff00": "296",
    "#d6ff00": "297",
    "#d5ff00": "298",
    "#d4ff00": "299",
    "#d3ff00": "300",
    "#d2ff00": "301",
    "#d1ff00": "302",
    "#d0ff00": "303",
    "#cfff00": "304",
    "#ceff00": "305",
    "#cdff00": "306",
    "#ccff00": "307",
    "#cbff00": "308",
    "#caff00": "309",
    "#c9ff00": "310",
    "#c8ff00": "311",
    "#c7ff00": "312",
    "#c6ff00": "313",
    "#c5ff00": "314",
    "#c4ff00": "315",
    "#c3ff00": "316",
    "#c2ff00": "317",
    "#c1ff00": "318",
    "#c0ff00": "319",
    "#bfff00": "320",
    "#beff00": "321",
    "#bdff00": "322",
    "#bcff00": "323",
    "#bbff00": "324",
    "#baff00": "325",
    "#b9ff00": "326",
    "#b8ff00": "327",
    "#b7ff00": "328",
    "#b6ff00": "329",
    "#b5ff00": "330",
    "#b4ff00": "331",
    "#b3ff00": "332",
    "#b2ff00": "333",
    "#b1ff00": "334",
    "#b0ff00": "335",
    "#afff00": "336",
    "#aeff00": "337",
    "#adff00": "338",
    "#acff00": "339",
    "#abff00": "340",
    "#aaff00": "341",
    "#a9ff00": "342",
    "#a8ff00": "343",
    "#a7ff00": "344",
    "#a6ff00": "345",
    "#a5ff00": "346",
    "#a4ff00": "347",
    "#a3ff00": "348",
    "#a2ff00": "349",
    "#a1ff00": "350",
    "#a0ff00": "351",
    "#9fff00": "352",
    "#9eff00": "353",
    "#9dff00": "354",
    "#9cff00": "355",
    "#9bff00": "356",
    "#9aff00": "357",
    "#99ff00": "358",
    "#98ff00": "359",
    "#97ff00": "360",
    "#96ff00": "361",
    "#95ff00": "362",
    "#94ff00": "363",
    "#93ff00": "364",
    "#92ff00": "365",
    "#91ff00": "366",
    "#90ff00": "367",
    "#8fff00": "368",
    "#8eff00": "369",
    "#8dff00": "370",
    "#8cff00": "371",
    "#8bff00": "372",
    "#8aff00": "373",
    "#89ff00": "374",
    "#88ff00": "375",
    "#87ff00": "376",
    "#86ff00": "377",
    "#85ff00": "378",
    "#84ff00": "379",
    "#83ff00": "380",
    "#82ff00": "381",
    "#81ff00": "382",
    "#80ff00": "383",
    "#7fff00": "384",
    "#7eff00": "385",
    "#7dff00": "386",
    "#7cff00": "387",
    "#7bff00": "388",
    "#7aff00": "389",
    "#79ff00": "390",
    "#78ff00": "391",
    "#77ff00": "392",
    "#76ff00": "393",
    "#75ff00": "394",
    "#74ff00": "395",
    "#73ff00": "396",
    "#72ff00": "397",
    "#71ff00": "398",
    "#70ff00": "399",
    "#6fff00": "400",
    "#6eff00": "401",
    "#6dff00": "402",
    "#6cff00": "403",
    "#6bff00": "404",
    "#6aff00": "405",
    "#69ff00": "406",
    "#68ff00": "407",
    "#67ff00": "408",
    "#66ff00": "409",
    "#65ff00": "410",
    "#64ff00": "411",
    "#63ff00": "412",
    "#62ff00": "413",
    "#61ff00": "414",
    "#60ff00": "415",
    "#5fff00": "416",
    "#5eff00": "417",
    "#5dff00": "418",
    "#5cff00": "419",
    "#5bff00": "420",
    "#5aff00": "421",
    "#59ff00": "422",
    "#58ff00": "423",
    "#57ff00": "424",
    "#56ff00": "425",
    "#55ff00": "426",
    "#54ff00": "427",
    "#53ff00": "428",
    "#52ff00": "429",
    "#51ff00": "430",
    "#50ff00": "431",
    "#4fff00": "432",
    "#4eff00": "433",
    "#4dff00": "434",
    "#4cff00": "435",
    "#4bff00": "436",
    "#4aff00": "437",
    "#49ff00": "438",
    "#48ff00": "439",
    "#47ff00": "440",
    "#46ff00": "441",
    "#45ff00": "442",
    "#44ff00": "443",
    "#43ff00": "444",
    "#42ff00": "445",
    "#41ff00": "446",
    "#40ff00": "447",
    "#3fff00": "448",
    "#3eff00": "449",
    "#3dff00": "450",
    "#3cff00": "451",
    "#3bff00": "452",
    "#3aff00": "453",
    "#39ff00": "454",
    "#38ff00": "455",
    "#37ff00": "456",
    "#36ff00": "457",
    "#35ff00": "458",
    "#34ff00": "459",
    "#33ff00": "460",
    "#32ff00": "461",
    "#31ff00": "462",
    "#30ff00": "463",
    "#2fff00": "464",
    "#2eff00": "465",
    "#2dff00": "466",
    "#2cff00": "467",
    "#2bff00": "468",
    "#2aff00": "469",
    "#29ff00": "470",
    "#28ff00": "471",
    "#27ff00": "472",
    "#26ff00": "473",
    "#25ff00": "474",
    "#24ff00": "475",
    "#23ff00": "476",
    "#22ff00": "477",
    "#21ff00": "478",
    "#20ff00": "479",
    "#1fff00": "480",
    "#1eff00": "481",
    "#1dff00": "482",
    "#1cff00": "483",
    "#1bff00": "484",
    "#1aff00": "485",
    "#19ff00": "486",
    "#18ff00": "487",
    "#17ff00": "488",
    "#16ff00": "489",
    "#15ff00": "490",
    "#14ff00": "491",
    "#13ff00": "492",
    "#12ff00": "493",
    "#11ff00": "494",
    "#10ff00": "495",
    "#0fff00": "496",
    "#0eff00": "497",
    "#0dff00": "498",
    "#0cff00": "499",
    "#0bff00": "500",
    "#0aff00": "501",
    "#09ff00": "502",
    "#08ff00": "503",
    "#07ff00": "504",
    "#06ff00": "505",
    "#05ff00": "506",
    "#04ff00": "507",
    "#03ff00": "508",
    "#02ff00": "509",
    "#01ff00": "510",
    "#00ff00": "511",
    "#00ff01": "512",
    "#00ff02": "513",
    "#00ff03": "514",
    "#00ff04": "515",
    "#00ff05": "516",
    "#00ff06": "517",
    "#00ff07": "518",
    "#00ff08": "519",
    "#00ff09": "520",
    "#00ff0a": "521",
    "#00ff0b": "522",
    "#00ff0c": "523",
    "#00ff0d": "524",
    "#00ff0e": "525",
    "#00ff0f": "526",
    "#00ff10": "527",
    "#00ff11": "528",
    "#00ff12": "529",
    "#00ff13": "530",
    "#00ff14": "531",
    "#00ff15": "532",
    "#00ff16": "533",
    "#00ff17": "534",
    "#00ff18": "535",
    "#00ff19": "536",
    "#00ff1a": "537",
    "#00ff1b": "538",
    "#00ff1c": "539",
    "#00ff1d": "540",
    "#00ff1e": "541",
    "#00ff1f": "542",
    "#00ff20": "543",
    "#00ff21": "544",
    "#00ff22": "545",
    "#00ff23": "546",
    "#00ff24": "547",
    "#00ff25": "548",
    "#00ff26": "549",
    "#00ff27": "550",
    "#00ff28": "551",
    "#00ff29": "552",
    "#00ff2a": "553",
    "#00ff2b": "554",
    "#00ff2c": "555",
    "#00ff2d": "556",
    "#00ff2e": "557",
    "#00ff2f": "558",
    "#00ff30": "559",
    "#00ff31": "560",
    "#00ff32": "561",
    "#00ff33": "562",
    "#00ff34": "563",
    "#00ff35": "564",
    "#00ff36": "565",
    "#00ff37": "566",
    "#00ff38": "567",
    "#00ff39": "568",
    "#00ff3a": "569",
    "#00ff3b": "570",
    "#00ff3c": "571",
    "#00ff3d": "572",
    "#00ff3e": "573",
    "#00ff3f": "574",
    "#00ff40": "575",
    "#00ff41": "576",
    "#00ff42": "577",
    "#00ff43": "578",
    "#00ff44": "579",
    "#00ff45": "580",
    "#00ff46": "581",
    "#00ff47": "582",
    "#00ff48": "583",
    "#00ff49": "584",
    "#00ff4a": "585",
    "#00ff4b": "586",
    "#00ff4c": "587",
    "#00ff4d": "588",
    "#00ff4e": "589",
    "#00ff4f": "590",
    "#00ff50": "591",
    "#00ff51": "592",
    "#00ff52": "593",
    "#00ff53": "594",
    "#00ff54": "595",
    "#00ff55": "596",
    "#00ff56": "597",
    "#00ff57": "598",
    "#00ff58": "599",
    "#00ff59": "600",
    "#00ff5a": "601",
    "#00ff5b": "602",
    "#00ff5c": "603",
    "#00ff5d": "604",
    "#00ff5e": "605",
    "#00ff5f": "606",
    "#00ff60": "607",
    "#00ff61": "608",
    "#00ff62": "609",
    "#00ff63": "610",
    "#00ff64": "611",
    "#00ff65": "612",
    "#00ff66": "613",
    "#00ff67": "614",
    "#00ff68": "615",
    "#00ff69": "616",
    "#00ff6a": "617",
    "#00ff6b": "618",
    "#00ff6c": "619",
    "#00ff6d": "620",
    "#00ff6e": "621",
    "#00ff6f": "622",
    "#00ff70": "623",
    "#00ff71": "624",
    "#00ff72": "625",
    "#00ff73": "626",
    "#00ff74": "627",
    "#00ff75": "628",
    "#00ff76": "629",
    "#00ff77": "630",
    "#00ff78": "631",
    "#00ff79": "632",
    "#00ff7a": "633",
    "#00ff7b": "634",
    "#00ff7c": "635",
    "#00ff7d": "636",
    "#00ff7e": "637",
    "#00ff7f": "638",
    "#00ff80": "639",
    "#00ff81": "640",
    "#00ff82": "641",
    "#00ff83": "642",
    "#00ff84": "643",
    "#00ff85": "644",
    "#00ff86": "645",
    "#00ff87": "646",
    "#00ff88": "647",
    "#00ff89": "648",
    "#00ff8a": "649",
    "#00ff8b": "650",
    "#00ff8c": "651",
    "#00ff8d": "652",
    "#00ff8e": "653",
    "#00ff8f": "654",
    "#00ff90": "655",
    "#00ff91": "656",
    "#00ff92": "657",
    "#00ff93": "658",
    "#00ff94": "659",
    "#00ff95": "660",
    "#00ff96": "661",
    "#00ff97": "662",
    "#00ff98": "663",
    "#00ff99": "664",
    "#00ff9a": "665",
    "#00ff9b": "666",
    "#00ff9c": "667",
    "#00ff9d": "668",
    "#00ff9e": "669",
    "#00ff9f": "670",
    "#00ffa0": "671",
    "#00ffa1": "672",
    "#00ffa2": "673",
    "#00ffa3": "674",
    "#00ffa4": "675",
    "#00ffa5": "676",
    "#00ffa6": "677",
    "#00ffa7": "678",
    "#00ffa8": "679",
    "#00ffa9": "680",
    "#00ffaa": "681",
    "#00ffab": "682",
    "#00ffac": "683",
    "#00ffad": "684",
    "#00ffae": "685",
    "#00ffaf": "686",
    "#00ffb0": "687",
    "#00ffb1": "688",
    "#00ffb2": "689",
    "#00ffb3": "690",
    "#00ffb4": "691",
    "#00ffb5": "692",
    "#00ffb6": "693",
    "#00ffb7": "694",
    "#00ffb8": "695",
    "#00ffb9": "696",
    "#00ffba": "697",
    "#00ffbb": "698",
    "#00ffbc": "699",
    "#00ffbd": "700",
    "#00ffbe": "701",
    "#00ffbf": "702",
    "#00ffc0": "703",
    "#00ffc1": "704",
    "#00ffc2": "705",
    "#00ffc3": "706",
    "#00ffc4": "707",
    "#00ffc5": "708",
    "#00ffc6": "709",
    "#00ffc7": "710",
    "#00ffc8": "711",
    "#00ffc9": "712",
    "#00ffca": "713",
    "#00ffcb": "714",
    "#00ffcc": "715",
    "#00ffcd": "716",
    "#00ffce": "717",
    "#00ffcf": "718",
    "#00ffd0": "719",
    "#00ffd1": "720",
    "#00ffd2": "721",
    "#00ffd3": "722",
    "#00ffd4": "723",
    "#00ffd5": "724",
    "#00ffd6": "725",
    "#00ffd7": "726",
    "#00ffd8": "727",
    "#00ffd9": "728",
    "#00ffda": "729",
    "#00ffdb": "730",
    "#00ffdc": "731",
    "#00ffdd": "732",
    "#00ffde": "733",
    "#00ffdf": "734",
    "#00ffe0": "735",
    "#00ffe1": "736",
    "#00ffe2": "737",
    "#00ffe3": "738",
    "#00ffe4": "739",
    "#00ffe5": "740",
    "#00ffe6": "741",
    "#00ffe7": "742",
    "#00ffe8": "743",
    "#00ffe9": "744",
    "#00ffea": "745",
    "#00ffeb": "746",
    "#00ffec": "747",
    "#00ffed": "748",
    "#00ffee": "749",
    "#00ffef": "750",
    "#00fff0": "751",
    "#00fff1": "752",
    "#00fff2": "753",
    "#00fff3": "754",
    "#00fff4": "755",
    "#00fff5": "756",
    "#00fff6": "757",
    "#00fff7": "758",
    "#00fff8": "759",
    "#00fff9": "760",
    "#00fffa": "761",
    "#00fffb": "762",
    "#00fffc": "763",
    "#00fffd": "764",
    "#00fffe": "765",
    "#00ffff": "766",
    "#00feff": "767",
    "#00fdff": "768",
    "#00fcff": "769",
    "#00fbff": "770",
    "#00faff": "771",
    "#00f9ff": "772",
    "#00f8ff": "773",
    "#00f7ff": "774",
    "#00f6ff": "775",
    "#00f5ff": "776",
    "#00f4ff": "777",
    "#00f3ff": "778",
    "#00f2ff": "779",
    "#00f1ff": "780",
    "#00f0ff": "781",
    "#00efff": "782",
    "#00eeff": "783",
    "#00edff": "784",
    "#00ecff": "785",
    "#00ebff": "786",
    "#00eaff": "787",
    "#00e9ff": "788",
    "#00e8ff": "789",
    "#00e7ff": "790",
    "#00e6ff": "791",
    "#00e5ff": "792",
    "#00e4ff": "793",
    "#00e3ff": "794",
    "#00e2ff": "795",
    "#00e1ff": "796",
    "#00e0ff": "797",
    "#00dfff": "798",
    "#00deff": "799",
    "#00ddff": "800",
    "#00dcff": "801",
    "#00dbff": "802",
    "#00daff": "803",
    "#00d9ff": "804",
    "#00d8ff": "805",
    "#00d7ff": "806",
    "#00d6ff": "807",
    "#00d5ff": "808",
    "#00d4ff": "809",
    "#00d3ff": "810",
    "#00d2ff": "811",
    "#00d1ff": "812",
    "#00d0ff": "813",
    "#00cfff": "814",
    "#00ceff": "815",
    "#00cdff": "816",
    "#00ccff": "817",
    "#00cbff": "818",
    "#00caff": "819",
    "#00c9ff": "820",
    "#00c8ff": "821",
    "#00c7ff": "822",
    "#00c6ff": "823",
    "#00c5ff": "824",
    "#00c4ff": "825",
    "#00c3ff": "826",
    "#00c2ff": "827",
    "#00c1ff": "828",
    "#00c0ff": "829",
    "#00bfff": "830",
    "#00beff": "831",
    "#00bdff": "832",
    "#00bcff": "833",
    "#00bbff": "834",
    "#00baff": "835",
    "#00b9ff": "836",
    "#00b8ff": "837",
    "#00b7ff": "838",
    "#00b6ff": "839",
    "#00b5ff": "840",
    "#00b4ff": "841",
    "#00b3ff": "842",
    "#00b2ff": "843",
    "#00b1ff": "844",
    "#00b0ff": "845",
    "#00afff": "846",
    "#00aeff": "847",
    "#00adff": "848",
    "#00acff": "849",
    "#00abff": "850",
    "#00aaff": "851",
    "#00a9ff": "852",
    "#00a8ff": "853",
    "#00a7ff": "854",
    "#00a6ff": "855",
    "#00a5ff": "856",
    "#00a4ff": "857",
    "#00a3ff": "858",
    "#00a2ff": "859",
    "#00a1ff": "860",
    "#00a0ff": "861",
    "#009fff": "862",
    "#009eff": "863",
    "#009dff": "864",
    "#009cff": "865",
    "#009bff": "866",
    "#009aff": "867",
    "#0099ff": "868",
    "#0098ff": "869",
    "#0097ff": "870",
    "#0096ff": "871",
    "#0095ff": "872",
    "#0094ff": "873",
    "#0093ff": "874",
    "#0092ff": "875",
    "#0091ff": "876",
    "#0090ff": "877",
    "#008fff": "878",
    "#008eff": "879",
    "#008dff": "880",
    "#008cff": "881",
    "#008bff": "882",
    "#008aff": "883",
    "#0089ff": "884",
    "#0088ff": "885",
    "#0087ff": "886",
    "#0086ff": "887",
    "#0085ff": "888",
    "#0084ff": "889",
    "#0083ff": "890",
    "#0082ff": "891",
    "#0081ff": "892",
    "#0080ff": "893",
    "#007fff": "894",
    "#007eff": "895",
    "#007dff": "896",
    "#007cff": "897",
    "#007bff": "898",
    "#007aff": "899",
    "#0079ff": "900",
    "#0078ff": "901",
    "#0077ff": "902",
    "#0076ff": "903",
    "#0075ff": "904",
    "#0074ff": "905",
    "#0073ff": "906",
    "#0072ff": "907",
    "#0071ff": "908",
    "#0070ff": "909",
    "#006fff": "910",
    "#006eff": "911",
    "#006dff": "912",
    "#006cff": "913",
    "#006bff": "914",
    "#006aff": "915",
    "#0069ff": "916",
    "#0068ff": "917",
    "#0067ff": "918",
    "#0066ff": "919",
    "#0065ff": "920",
    "#0064ff": "921",
    "#0063ff": "922",
    "#0062ff": "923",
    "#0061ff": "924",
    "#0060ff": "925",
    "#005fff": "926",
    "#005eff": "927",
    "#005dff": "928",
    "#005cff": "929",
    "#005bff": "930",
    "#005aff": "931",
    "#0059ff": "932",
    "#0058ff": "933",
    "#0057ff": "934",
    "#0056ff": "935",
    "#0055ff": "936",
    "#0054ff": "937",
    "#0053ff": "938",
    "#0052ff": "939",
    "#0051ff": "940",
    "#0050ff": "941",
    "#004fff": "942",
    "#004eff": "943",
    "#004dff": "944",
    "#004cff": "945",
    "#004bff": "946",
    "#004aff": "947",
    "#0049ff": "948",
    "#0048ff": "949",
    "#0047ff": "950",
    "#0046ff": "951",
    "#0045ff": "952",
    "#0044ff": "953",
    "#0043ff": "954",
    "#0042ff": "955",
    "#0041ff": "956",
    "#0040ff": "957",
    "#003fff": "958",
    "#003eff": "959",
    "#003dff": "960",
    "#003cff": "961",
    "#003bff": "962",
    "#003aff": "963",
    "#0039ff": "964",
    "#0038ff": "965",
    "#0037ff": "966",
    "#0036ff": "967",
    "#0035ff": "968",
    "#0034ff": "969"
}